{
        "topMenu": [
            {
                "name": "Home",
                "url": "/accounthome"
            },
            {
                "name": "How it works",
                "url": "",
                "submenu": [{
                    "name": "Action",
                    "url": "#"
                },
                {
                    "name": "Another Action",
                    "url": "#"
                }]
            },
            {
                "name": "Register Event",
                "url": "/registerevent"
            },
            {
                "name": "My Account",
                "url": "/account"
            }
        ],
        "leftMenu": [
            {
                "name": "Dashboard",
                "url": "/dashboard"
            },
            {
                "name": "Events",
                "url": "/events"
            },
            {
                "name": "Scoring",
                "url": "/scoring"
            }
        ]
    
}